{
    "loss": 1.7555943727493286,
    "accuracy": 0.8220338821411133
}