{
    "loss": 1.6418596506118774,
    "accuracy": 0.8305084705352783
}